lag_time_min,ensemble_msd_um2,msd_std_um2
0,0,0
3,22.68867024,18.78994185
6,51.10633182,38.31682631
9,87.14548459,66.43251351
12,126.6932093,98.23205779
15,168.7699065,132.1869904
18,213.7656363,169.7872477
21,259.916914,213.0929797
24,308.7807176,261.8208242
27,359.8574084,318.7740286
30,412.9311479,382.7920314
33,467.0735161,451.8205655