lag_time_min,ensemble_msd_um2,msd_std_um2
3,22.68867023938732,18.7899418479653
6,51.10633181508667,38.31682630654464
9,87.14548459429285,66.43251350772009
12,126.69320934441062,98.23205779459867
15,168.76990647829757,132.18699037484177
18,213.76563633829616,169.78724768314407
21,259.9169139596801,213.09297970998824
24,308.78071763230315,261.8208242359897
27,359.8574083570497,318.77402861378357
30,412.9311479073854,382.7920313851952
33,467.07351608641454,451.82056551867464
